route_type,origin_city,avg_delay,disruption_rate,node_label
Atlantic,"Hamburg, DE",0.3462669018224574,0.06701940035273368,0
Commodity,"Santos, BR",0.2922885572139303,0.05845771144278607,0
Intra-Asia,"Tokyo, JP",0.5403916768665851,0.09118727050183599,0
Pacific,"Shanghai, CN",0.4668693009118541,0.0851063829787234,0
Suez,"Mumbai, IN",2.1467836257309942,0.16374269005847952,1
